czas,h2pz_10011,h2pz_10021,h2pz_10121,h2pz_10131,h2pz_10318,h2pz_10338,h2pz_10358,h2pz_10378,h2pz_10398,h2pz_10401,h2pz_10402,h2pz_10438,h2pz_10441,h2pz_10442
2022-01-21 00:00:00+01:00,1950.79146806505,1978.2110048760308,0.5294259786605835,0.5316240191459656,32.71234598371718,35.507258655760026,0.009103233561747604,29.915748075909086,0.0,0.2614907285033001,90.31554470062255,323.93013202243384,90.70213107426962,90.31554470062255
2022-01-21 01:00:00+01:00,1951.1216254679362,1977.8332266235352,0.5294259786605835,0.5316240191459656,32.718060938517254,35.6567566649119,0.008899733556641472,29.931760159068638,0.0,0.2616806618993481,90.31206120808919,323.8541443125407,90.69350876278348,90.31206120808919
2022-01-21 02:00:00+01:00,1951.9169853719075,1979.2495856730143,0.5294269286592801,0.5316240191459656,32.588373822106256,35.61270909203424,0.009754433578087224,29.80522043493059,0.0,0.26104981169104574,90.4297849867079,324.5832449001736,90.81406384362114,90.4297849867079
2022-01-21 03:00:00+01:00,1949.8234573364257,1977.1611890326606,0.5294259786605835,0.5316240191459656,32.67113373544481,35.52516669273376,0.009391525235647957,29.86959764321645,0.0,0.26125331175824007,90.25612551795112,323.4372544182671,90.64230124367607,90.25612551795112
2022-01-21 04:00:00+01:00,1949.8627739800347,1976.5824340142144,0.5294259786605835,0.5316240191459656,32.581092048221166,35.4936376508077,0.009150716896272369,29.755135554207698,0.0,0.2606156782143646,90.14681150648329,322.66566327412926,90.53878685421414,90.14681150648329
2022-01-21 05:00:00+01:00,1950.331638115777,1977.3255344645183,0.5294259786605835,0.5316240191459656,32.74117523087396,35.681807614432444,0.009015050226201613,29.94506570392185,0.0,0.2610701616977652,90.19964881049262,323.02431211683484,90.58657600190904,90.19964881049262
2022-01-21 06:00:00+01:00,1950.2092938571507,1977.4154014417861,0.5294259786605835,0.5316240191459656,32.78424951447381,35.792420128716365,0.008774241886826024,29.991266985469395,0.0,0.26129401177167894,90.24992273542617,323.3364404635959,90.63509060541789,90.24992273542617
2022-01-21 07:00:00+01:00,1921.6547194417317,1992.0476266818575,0.5294259786605835,0.5316240191459656,32.61755912568834,35.6774391301473,0.008445250211904447,29.825265136824715,0.0,0.2616331785503361,90.21831398010254,323.03180016411676,90.60029916551377,90.21831398010254
2022-01-21 08:00:00+01:00,1920.8644872029622,1993.663011203342,0.5294259786605835,0.5316240191459656,32.737505466673106,35.71294989585876,0.008424900211393834,29.916572296354506,0.0,0.2615382118523121,90.24835647583008,323.21083970811634,90.62782628589207,90.24835647583008
2022-01-21 09:00:00+01:00,1941.8466561550565,1984.4959822591145,0.5294435536364714,0.5316306651963127,32.9377295589447,35.646578289667765,0.008133216870741712,30.11364513874054,0.0,0.26137541179855667,90.36723797268337,324.0419343058268,90.74836632410685,90.36723797268337
2022-01-21 10:00:00+01:00,1952.3812101915148,1979.2048978000216,0.5294259786605835,0.5316240191459656,32.79929498036702,35.919146599239774,0.008102691869975791,30.038292446136474,0.0,0.26178241193294527,90.4620004442003,324.49154753790964,90.84151634216309,90.4620004442003
2022-01-21 11:00:00+01:00,1952.928950873481,1980.0437254503038,0.5294259786605835,0.5316240191459656,32.75968018531799,35.91034856584337,0.008560566881464587,30.008815530141195,0.0,0.26136184512741034,90.65019478691949,325.74995272318523,91.03898010253906,90.65019478691949
2022-01-21 12:00:00+01:00,1952.3860924953885,1979.6813326687284,0.5294259786605835,0.5316240191459656,32.736277711656356,35.543644484413996,0.007939891865890888,29.93360184457567,0.0,0.2615992618724704,90.7404994752672,326.45536661783854,91.12923201031155,90.7404994752672
2022-01-21 13:00:00+01:00,1951.5045302327474,1979.0359131198459,0.5294297786553701,0.5316240191459656,32.603130960464476,35.567728722890216,0.008041641868443953,29.8406802754932,0.0,0.26142289514756867,90.6080421447754,325.5217069159614,90.99262918896146,90.6080421447754
2022-01-21 14:00:00+01:00,1950.8334686279297,1978.4566696166992,0.5294259786605835,0.5316240191459656,32.72827335569593,35.60096033202277,0.00813660853749348,29.950597573916117,0.0,0.2619587786619862,90.49606788211399,324.79492540147567,90.87857429292467,90.49606788211399
2022-01-21 15:00:00+01:00,1950.641771613227,1978.18707224528,0.5294687286019325,0.5316240191459656,32.76796950128343,35.56984172927009,0.007895800198117892,29.993620869318644,0.0,0.2619519953222738,90.40852262708876,324.1834074995253,90.78359272215101,90.40852262708876
2022-01-21 16:00:00+01:00,1950.8639935641818,1977.5484893459743,0.5294321536521117,0.5316240191459656,32.95930053922865,35.57551938692729,0.007685516859508223,30.12558048884074,0.0,0.2620740953625904,90.28730294545491,323.63916713290746,90.67162600835164,90.28730294545491
2022-01-21 17:00:00+01:00,1951.0403057522244,1978.4635069444444,0.5294316786527634,0.5316240191459656,32.74021212683784,35.490310496224296,0.008150175204500556,29.927313607003953,0.0,0.262386128798955,90.28725945366753,323.2730300394694,90.67193791495428,90.28725945366753
2022-01-21 18:00:00+01:00,1950.3260211520724,1977.3741317070856,0.5294259786605835,0.5316240191459656,32.58459553612603,35.48367973751492,0.008102691869975791,29.788373951382106,0.0,0.2621690620606144,90.228463244968,322.88747853597005,90.61408255471123,90.228463244968
2022-01-21 19:00:00+01:00,1949.3931769816081,1976.2764521280924,0.5294616036117077,0.5316240191459656,32.85470479435391,35.652004946602716,0.008156958538004093,30.038214506043328,0.0,0.2620740953625904,90.15549015469021,322.42944004482695,90.54487181981405,90.15549015469021
2022-01-21 20:00:00+01:00,1950.2742490302192,1977.5658273993597,0.5294259786605835,0.5316240191459656,32.850563550525244,35.7035855378045,0.007973808533408575,30.01340103785197,0.0,0.26142289514756867,90.19362843831381,322.70713673909506,90.58218038770887,90.19362843831381
2022-01-21 21:00:00+01:00,1950.6964723375108,1977.8635071139865,0.5294259786605835,0.5316240191459656,32.43614225917392,35.54833855523003,0.008282450207819541,29.64635113451216,0.0,0.2614025451408492,90.13454288058811,322.16834899902346,90.52473233328925,90.13454288058811
2022-01-21 22:00:00+01:00,1950.6490978325737,1978.093787943522,0.5294259786605835,0.5316240191459656,32.48405967182583,35.675655111736724,0.008587700215478737,29.71851572089725,0.0,0.261911295308835,90.33832472483317,323.652761010064,90.71919101927016,90.33832472483317
2022-01-21 23:00:00+01:00,1951.0349350992838,1978.151175265842,0.5294259786605835,0.5316240191459656,32.66612091912164,35.74132805294461,0.009110016895251141,29.894444991747537,0.0,0.262196195402907,90.30329012129042,323.4218694814046,90.68028872595893,90.30329012129042
2022-01-22 00:00:00+01:00,1950.521625942654,1977.606365424262,0.529670000076294,0.5313799977302551,32.649142300287885,35.71619233661228,0.011711425293857852,29.84601195547316,0.0,0.26229794543650414,90.25214698367648,323.15740108913843,90.63413416120741,90.25214698367648
2022-01-22 01:00:00+01:00,1950.698426852756,1977.9682699584962,0.529670000076294,0.5313799977302551,32.586511822806465,35.47625197092692,0.014306050358961027,29.806621177991232,0.0,0.26191807864440814,90.27745120578342,323.3514995151096,90.66188504960802,90.27745120578342
2022-01-22 02:00:00+01:00,1950.8007473754883,1978.867413397895,0.529670000076294,0.5313799977302551,32.6819261709849,35.71259037017822,0.014099158687103125,29.906044584380254,0.0,0.2623793454633819,90.32142352634006,323.69411244710284,90.70208328035143,90.32142352634006
2022-01-22 03:00:00+01:00,1952.4676572333442,1980.0710757107204,0.529670000076294,0.5313799977302551,32.81441847801209,35.799210240046186,0.013780342012436853,30.03244528717465,0.0,0.2624132621412476,90.40655159844293,324.29529192606606,90.78755424287584,90.40655159844293
2022-01-22 04:00:00+01:00,1952.5282202148437,1978.7460465155707,0.529670000076294,0.5313799977302551,32.70506766213311,35.80231704288059,0.01313931699635254,29.90660078048706,0.0,0.26240647880567447,90.33785135904948,323.85540623982746,90.71481571833293,90.33785135904948
2022-01-22 05:00:00+01:00,1952.5140548706054,1979.5196719360351,0.529670000076294,0.5313799977302551,32.453650076124404,35.7041620932685,0.01381765034670631,29.688105952474807,0.0,0.2621215787116024,90.37639507717556,323.9431962161594,90.75648632049561,90.37639507717556
2022-01-22 06:00:00+01:00,1951.2776701524522,1978.7611874050565,0.529670000076294,0.5313799977302551,32.68323532740275,35.84962065378825,0.013570058673827184,29.907214676009286,0.0,0.26270494557089275,90.3273625225491,323.6302537282308,90.70603801727295,90.3273625225491
2022-01-22 07:00:00+01:00,1950.5890242173937,1977.9284648980035,0.529670000076294,0.5313799977302551,32.813071959813435,35.90252058982849,0.01254916698154476,30.020835620032415,0.0,0.2628338289467825,90.24377108256022,323.0586632707384,90.63170581393771,90.24377108256022
2022-01-22 08:00:00+01:00,1953.1743722195095,1980.0075845336914,0.529670000076294,0.5313799977302551,32.85607838842604,35.868705621295504,0.01248811698001292,30.03953048547109,0.0,0.2631187290408545,90.48402454800076,324.6073393588596,90.86765986124675,90.48402454800076
2022-01-22 09:00:00+01:00,1952.5860924275717,1980.0342008124458,0.529670000076294,0.5313799977302551,32.81217990239461,35.68300826072693,0.011009350276241699,30.038943764368693,0.0,0.263708879235718,90.44786549038358,325.8791340552436,90.83353946473864,90.44786549038358
2022-01-22 10:00:00+01:00,1953.4271195136175,1980.7428704155816,0.529670000076294,0.5313799977302551,32.64132436010573,35.76728106180827,0.009893491914909748,29.908018425835504,0.0,0.2639123793029123,90.43023679097493,325.89602486504447,90.80839982562595,90.43023679097493
2022-01-22 11:00:00+01:00,1954.530904574924,1981.0818197631836,0.529670000076294,0.5313799977302551,32.78453785472446,35.78638636377123,0.009062533560726378,30.048765989939373,0.0,0.2636071292021208,90.52327059427897,326.4744137573242,90.90841466267904,90.52327059427897
2022-01-22 12:00:00+01:00,1951.9531261867946,1978.2400646972656,0.529670000076294,0.5313799977302551,32.57667599995931,35.522734817928736,0.008625008549748195,29.811667946179707,0.0,0.26271851224203907,90.25902002546522,324.46859311421713,90.64590341356066,90.25902002546522
2022-01-22 13:00:00+01:00,1951.8034322102865,1978.9023351711696,0.529670000076294,0.5313799977302551,32.57139861848619,35.439113187789914,0.008747108552811874,29.84153499868181,0.0,0.2628677456246482,90.26385169559055,324.06668000963,90.64990556716918,90.26385169559055
2022-01-22 14:00:00+01:00,1951.9338339233398,1978.8278536987305,0.529670000076294,0.5313799977302551,32.63010144763523,35.48745464430915,0.008363850209861993,29.905047455363803,0.0,0.26293557898451886,90.44955890231662,325.2790120442708,90.83679539362589,90.44955890231662
2022-01-22 15:00:00+01:00,1951.3440913560655,1978.457158203125,0.529670000076294,0.5313799977302551,32.518078343073526,35.56181704097324,0.008082341869465179,29.786664616796706,0.0,0.26351894583966995,90.50672795189752,325.7034330749512,90.8973987642924,90.50672795189752
2022-01-22 16:00:00+01:00,1951.0693664550781,1978.3299292331271,0.529670000076294,0.5313799977302551,32.51646379682753,35.475302368799845,0.008716583552045954,29.746337605582344,0.0,0.2641497960479723,90.53460113949245,325.92012017991806,90.92075356801351,90.53460113949245
2022-01-22 17:00:00+01:00,1950.986338873969,1978.3279754638672,0.529670000076294,0.5313799977302551,32.49492335001628,35.52218538178338,0.008665708550769423,29.748440400759378,0.0,0.26387846262504655,90.46356552971734,325.3896355523003,90.85072871102227,90.46356552971734
2022-01-22 18:00:00+01:00,1950.488170199924,1977.344338039822,0.529670000076294,0.5313799977302551,32.62924000634087,35.33448027822706,0.008652141883762347,29.87704241010878,0.0,0.26381062926931514,90.21800580342611,323.77518647935653,90.60420596864489,90.21800580342611
2022-01-22 19:00:00+01:00,1949.9440917629665,1976.7653405422634,0.529670000076294,0.5313799977302551,32.78845185173883,35.499963161680434,0.008438466878400908,30.00296149836646,0.0,0.26332901244362195,90.20905223846435,323.6989556884766,90.59469563378228,90.20905223846435
2022-01-22 20:00:00+01:00,1950.9223583645291,1977.5362802124023,0.529670000076294,0.5313799977302551,32.54269484731886,35.51572762065464,0.008625008549748195,29.754050226211547,0.0,0.2634171958060728,90.23296809726291,323.89215881347656,90.61868860456678,90.23296809726291
2022-01-22 21:00:00+01:00,1950.965336710612,1978.3523969184027,0.529670000076294,0.5313799977302551,32.36361782815721,35.40677706612481,0.008251925207053621,29.624454557630752,0.0,0.26388524596061974,90.2118123457167,323.6534122297499,90.60030563354492,90.2118123457167
2022-01-22 22:00:00+01:00,1950.7983047824437,1978.4075854153102,0.529670000076294,0.5313799977302551,32.6863964176178,35.82571612252129,0.00867249188427296,29.914656029807198,0.0,0.26354607918196254,90.33239741007488,324.547550201416,90.71144444995457,90.33239741007488
2022-01-22 23:00:00+01:00,1949.9328597005208,1978.2664372083875,0.529670000076294,0.5313799977302551,32.809046037462025,35.92491573439704,0.00884546688861317,30.008581563631694,0.0,0.26337649579263395,90.20946363661024,323.76403515285915,90.59823663711548,90.20946363661024
2022-01-23 00:00:00+01:00,1950.132125583225,1977.529442884657,0.5304030179977417,0.5318679809570312,33.0085373740726,35.969682443406846,0.008472383545918597,30.188638380898368,0.0,0.2632747457590368,90.21718061235217,323.94828381008574,90.60267325083414,90.21718061235217
2022-01-23 01:00:00+01:00,1949.87351755778,1977.1875624932184,0.5304030179977417,0.5318679809570312,33.231940019395616,36.20631585968865,0.008506300213436286,30.419397385915122,0.0,0.26330866243690254,90.10829959445529,323.2712801191542,90.50092968834771,90.10829959445529
2022-01-23 02:00:00+01:00,1950.758011135525,1977.684508802626,0.5304030179977417,0.5318679809570312,33.06671812693278,36.3876076359219,0.008916691890400317,30.273426796065436,0.0,0.2633357957791951,90.13642330593532,323.48450759039986,90.52448090659247,90.13642330593532
2022-01-23 03:00:00+01:00,1949.806362982856,1976.7887826199,0.5304030179977417,0.5318679809570312,33.11697588178846,36.26984533945719,0.009595025240754089,30.31403529273139,0.0,0.26351894583966995,90.10348548889161,323.3537790086534,90.49791750166152,90.10348548889161
2022-01-23 04:00:00+01:00,1950.167291463216,1977.3607001071507,0.5304030179977417,0.5318679809570312,32.8369832918379,35.94920693715414,0.009544150239477555,30.006939894888138,0.0,0.26371566257129114,90.13538932376437,323.6382315826416,90.52539011425442,90.13538932376437
2022-01-23 05:00:00+01:00,1952.1606982421874,1979.7333472018772,0.5304030179977417,0.5318679809570312,32.78331343120999,35.85068232324388,0.009808700246115526,29.989818909433154,0.0,0.2640616126855214,90.25644370185005,324.4413230472141,90.64258623547025,90.25644370185005
2022-01-23 06:00:00+01:00,1951.4447013346355,1979.0088055080837,0.5304030179977417,0.5318679809570312,32.77053373866611,35.925926532745365,0.010158041921547718,29.986952815585667,0.0,0.2639598626519243,90.31221748775906,324.8186528354221,90.694974515703,90.31221748775906
2022-01-23 07:00:00+01:00,1950.7404296875,1978.8686345079211,0.5304030179977417,0.5318679809570312,32.657794377009076,35.926252106560604,0.011033091943504082,29.89870151837667,0.0,0.2638920292961929,90.26465520646838,324.4794997406006,90.65206286324396,90.26465520646838
2022-01-23 08:00:00+01:00,1949.8464124552409,1977.6759616088866,0.5304030179977417,0.5318679809570312,32.782295881907146,36.00855780813429,0.01464860870088968,29.997717944251168,0.0,0.2637699292558763,90.24622199588352,324.3909772491455,90.63203824361166,90.24622199588352
2022-01-23 09:00:00+01:00,1951.870588107639,1978.9831644694011,0.5304030179977417,0.5318679809570312,32.833265999688045,35.75647521972656,0.013264808666167988,30.07395915031433,0.0,0.26390559596733915,90.34805670844185,325.126549021403,90.72803670671252,90.34805670844185
2022-01-23 10:00:00+01:00,1955.4188174099393,1982.418081325955,0.5304030179977417,0.5318679809570312,32.80728576024374,35.61678585900201,0.013804083679699236,30.062810809877185,0.0,0.2642718960882889,90.52775082482232,326.3784029727512,90.91305474175347,90.52775082482232
2022-01-23 11:00:00+01:00,1953.9147879028321,1981.201233215332,0.5304030179977417,0.5318679809570312,32.81152529928419,35.55960228072272,0.012867983656211031,30.0643982134925,0.0,0.2643465127795935,90.49008077833388,326.0526802741157,90.87326989915636,90.49008077833388
2022-01-23 12:00:00+01:00,1954.1692457411025,1980.5125893825955,0.5304030179977417,0.5318679809570312,32.80697033882141,35.464011430740356,0.012084508636552426,30.049864866468642,0.0,0.2641090960345335,90.43393505096435,325.7347308264838,90.81581439548069,90.43393505096435
2022-01-23 13:00:00+01:00,1953.4053874376084,1980.4173505655924,0.5304030179977417,0.5318679809570312,32.53396150800917,35.27899590916104,0.012230350306878487,29.808245803515117,0.0,0.2644414794776175,90.35458759307862,325.14352149115666,90.73962323718601,90.35458759307862
2022-01-23 14:00:00+01:00,1953.0976948038738,1980.1116127183702,0.5304030179977417,0.5318679809570312,32.61997389581468,35.29252193133036,0.011826741963417993,29.89075829135047,0.0,0.26431259610172775,90.38528243170845,325.2873550923665,90.76859505759346,90.38528243170845
2022-01-23 15:00:00+01:00,1953.8044094509548,1981.244700656467,0.5304030179977417,0.5318679809570312,32.50213404867384,35.24452968597412,0.01171481696060962,29.784110705587597,0.0,0.2647331629072626,90.52805617862278,326.1709546152751,90.91513715744018,90.52805617862278
2022-01-23 16:00:00+01:00,1953.1646043904623,1981.3504394870333,0.5304030179977417,0.5318679809570312,32.82311802546183,35.478636289172705,0.011412958619702193,30.06987911383311,0.0,0.2646856795582506,90.55291144476996,326.37054784138996,90.94216875500149,90.55291144476996
2022-01-23 17:00:00+01:00,1953.2134455023872,1980.4024553087022,0.5304030179977417,0.5318679809570312,32.878283699883355,35.600950145721434,0.012098075303559502,30.147331272761026,0.0,0.26493666297445695,90.51266484154596,326.0589885033502,90.89585198508368,90.51266484154596
2022-01-23 18:00:00+01:00,1951.4027006022136,1979.3399405246312,0.5304030179977417,0.5318679809570312,32.83265209092034,35.57250757535299,0.012335491976183322,30.10308351940579,0.0,0.2651198130349318,90.34995304107666,324.93558403015135,90.73383694542778,90.34995304107666
2022-01-23 19:00:00+01:00,1951.383896959093,1978.940429924859,0.5304030179977417,0.5318679809570312,32.93646102269491,35.65102817959256,0.01313931699635254,30.19626285817888,0.0,0.265458979813589,90.31947525872124,324.71743189493816,90.69983169343736,90.31947525872124
2022-01-23 20:00:00+01:00,1951.022480638292,1978.8842643907335,0.5304030179977417,0.5318679809570312,32.50241542710198,35.48289963934157,0.013352992001713977,29.749522421095108,0.0,0.26526226307782863,90.28113989512126,324.34714413960774,90.66537205590141,90.28113989512126
2022-01-23 21:00:00+01:00,1951.8901242404513,1979.358012491862,0.5304030179977417,0.5318679809570312,32.42026581764221,35.394109150568646,0.013044350327303013,29.705393310652838,0.0,0.26526904641754095,90.34287900712755,324.70098961724176,90.72319376415676,90.34287900712755
2022-01-23 22:00:00+01:00,1951.6769368489583,1979.1628960164387,0.5304030179977417,0.5318679809570312,32.568118793699476,35.58361191219754,0.013186800330877303,29.83296759976281,0.0,0.26562856320291756,90.37277297549778,324.92467684427896,90.75751109017266,90.37277297549778
2022-01-23 23:00:00+01:00,1951.1929323662653,1979.7743724568684,0.5304030179977417,0.5318679809570312,32.82407800568475,35.639652529822456,0.012396541977715161,30.066538264486525,0.0,0.26522156306852895,90.28390962812635,324.3481209394667,90.66968626446194,90.28390962812635
2022-01-24 00:00:00+01:00,1952.0427489895292,1978.998549363878,0.5299149751663208,0.5311364510489834,32.86332978990343,35.71317713949416,0.01186405029768745,30.075505947536893,0.0,0.2652283464041021,90.32650794559055,324.5731512196859,90.70980335871378,90.32650794559055
2022-01-24 01:00:00+01:00,1951.8178398980035,1978.9201607937282,0.5299149751663208,0.5311359763145447,32.785484068128795,35.644309267467925,0.011887791964949834,30.01564299000634,0.0,0.2651605130483707,90.25544162750244,324.18800616794164,90.63878104527791,90.25544162750244
2022-01-24 02:00:00+01:00,1951.4290748087565,1978.5902460394966,0.5299149751663208,0.5311359763145447,32.71042642805311,35.3789517932468,0.012532208647785915,29.962356385654875,0.0,0.26551324649817415,90.3402099694146,324.92870563083227,90.71596942477755,90.3402099694146
2022-01-24 03:00:00+01:00,1949.980478752984,1978.0039224921331,0.5299149751663208,0.5311407236589326,32.91699613147312,35.51640261332194,0.0118369169636733,30.15814395904541,0.0,0.2653097464309798,90.38822775099013,325.3896347808838,90.76860202789307,90.38822775099013
2022-01-24 04:00:00+01:00,1950.5023343234593,1978.0129578314886,0.5299149751663208,0.5311383499867386,32.68063392215305,35.50910035663181,0.012294791975162096,29.894278870158725,0.0,0.2650451963436272,90.26011896345351,324.49537283155655,90.64217959721883,90.26011896345351
2022-01-24 05:00:00+01:00,1952.5570355563693,1980.1580100843642,0.5299149751663208,0.5311369257834223,32.70589506679111,35.58977800369263,0.012037025302027663,29.9596871497896,0.0,0.2648484796120061,90.3384359825982,324.9367242940267,90.72277342690361,90.3384359825982
2022-01-24 06:00:00+01:00,1952.4642381795247,1980.6766909450955,0.5299149751663208,0.5311359763145447,32.70181151178148,35.58045429441664,0.012376191977204548,29.965971938239203,0.0,0.26469924622939695,90.45139331817627,325.65862226698135,90.8402623769972,90.45139331817627
2022-01-24 07:00:00+01:00,1952.0954959784613,1979.7099041408962,0.5299149751663208,0.5311407236589326,32.71224095556471,35.65989060931736,0.01287476698971457,29.967694883876376,0.0,0.26467211288710435,90.42789179907905,325.5455572509766,90.81238914701673,90.42789179907905
2022-01-24 08:00:00+01:00,1951.3321279907227,1979.2595982869466,0.5299149751663208,0.5311464204721981,32.77023515913221,35.551486042870415,0.012762841986906198,29.989842474195694,0.0,0.2647399462428358,90.31236901601156,324.7600044335259,90.69036213556926,90.31236901601156
2022-01-24 09:00:00+01:00,1952.4764476860894,1979.192688530816,0.5299149751663208,0.5311359763145447,32.79954928821988,35.617131802241005,0.011613066958056556,30.011189710828994,0.0,0.26464497954481175,90.29271580166287,324.58996003892685,90.67811141120063,90.29271580166287
2022-01-24 10:00:00+01:00,1954.9396974012586,1982.628826361762,0.5299149751663208,0.5311464204721981,32.7713272052341,35.66091150601705,0.010826200271646182,30.014723862542045,0.0,0.26500449633018835,90.55527160220676,326.3565065765381,90.94569627761841,90.55527160220676
2022-01-24 11:00:00+01:00,1955.3592333984375,1982.5790099080405,0.5299149751663208,0.5311359763145447,32.88955755763584,35.726068886650935,0.01106361694427,30.118546181784737,0.0,0.2655946465250519,90.64815414004856,326.9719721391466,91.03209498723348,90.64815414004856
2022-01-24 12:00:00+01:00,1954.3773037041558,1981.9543462456597,0.5299149751663208,0.5311592383020454,32.69989174207051,35.534585291544595,0.010025766918228733,29.927150908576117,0.0,0.265411496464577,90.53766847398546,326.10864301045734,90.9259226904975,90.53766847398546
2022-01-24 13:00:00+01:00,1954.302578837077,1982.1904874335396,0.5299149751663208,0.5311359763145447,32.62024871084425,35.42197169621785,0.01023944192359017,29.8862779018614,0.0,0.2657099632297953,90.49082337273492,325.7542670440674,90.873141040802,90.49082337273492
2022-01-24 14:00:00+01:00,1953.7431138102213,1980.4576444498698,0.5299149751663208,0.5311359763145447,32.67184608989292,35.56219015227424,0.009452575237179796,29.919054924117194,0.0,0.26587276328355075,90.43531305101183,325.2784016587999,90.82375851313273,90.43531305101183
2022-01-24 15:00:00+01:00,1951.9956180826823,1980.0312708536783,0.5299149751663208,0.5311364510489834,32.681841457155016,35.561443966759576,0.010290316924866703,29.92938263522254,0.0,0.26601521333058675,90.347580303616,324.6253279791938,90.72544623057047,90.347580303616
2022-01-24 16:00:00+01:00,1952.0517853800457,1980.0713200887044,0.5299149751663208,0.5311359763145447,32.83341862625546,35.4262791495853,0.010191958589065407,30.05866966618432,0.0,0.2657167465653684,90.34066375732422,324.64421340942386,90.7231874232822,90.34066375732422
2022-01-24 17:00:00+01:00,1951.7453131103516,1979.0153996446397,0.5299149751663208,0.5311359763145447,32.54577797147963,35.409503893322416,0.010371716926909155,29.789649227990044,0.0,0.265838846605685,90.35982192145454,324.7110829416911,90.7439582019382,90.35982192145454
2022-01-24 18:00:00+01:00,1952.3233344862197,1979.796106669108,0.5299149751663208,0.5311359763145447,32.6052201991611,35.4474499490526,0.01083298360514972,29.85775730397966,0.0,0.2663068967602319,90.40082355075413,325.00253593444825,90.78354604509141,90.40082355075413
2022-01-24 19:00:00+01:00,1951.2327365451388,1978.7719319322375,0.5299149751663208,0.5311359763145447,32.66268858591715,35.319302508036294,0.011843700297176837,29.90961599667867,0.0,0.2658320632701119,90.36439331478543,324.7830813768175,90.74667832056682,90.36439331478543
2022-01-24 20:00:00+01:00,1952.4576446872288,1979.9204044596354,0.5299149751663208,0.5311364510489834,32.78156328731113,35.517186056772864,0.012403325311218698,29.999010214275785,0.0,0.26589311329027016,90.30829970465766,324.4360329098172,90.69196997112698,90.30829970465766
2022-01-24 21:00:00+01:00,1952.6048980373807,1980.1624067518446,0.5299149751663208,0.5311359763145447,32.671995333565604,35.46436078283522,0.012803541987927424,29.91184092256758,0.0,0.2655268131693204,90.32990117814806,324.57396508110895,90.71107882393731,90.32990117814806
2022-01-24 22:00:00+01:00,1952.9804770236544,1979.4674131605361,0.5299149751663208,0.5311359763145447,32.64085301399231,35.562291912502715,0.011881008631446295,29.882452051904465,0.0,0.26583884660154583,90.45280737982856,325.40184473673503,90.83806416193644,90.45280737982856
2022-01-24 23:00:00+01:00,1952.8061201646592,1980.0556918674044,0.5299149751663208,0.5311445215344429,32.35619013574388,35.495350470013086,0.011826741963417993,29.598681206703187,0.0,0.26603556333730616,90.39970237731933,324.98812861972385,90.78793507681952,90.39970237731933
2022-01-25 00:00:00+01:00,1951.3267546590168,1979.2840193684897,0.5302781852086386,0.5311359763145447,32.527323713302614,35.525210790634155,0.01254577531479299,29.75526106198629,0.0,0.2658117132633924,90.36493877834744,324.81242670694985,90.749242316352,90.36493877834744
2022-01-25 01:00:00+01:00,1951.2344470893013,1978.3536169772678,0.530616123146481,0.5311426225966878,32.734408894644844,35.69771112865872,0.012769625320409735,29.961216915978326,0.0,0.2661508800420496,90.2863781399197,324.2947224002414,90.67136192745633,90.2863781399197
2022-01-25 02:00:00+01:00,1951.230538872613,1978.3934221055772,0.5306265669398837,0.5311364510489834,32.683242025375364,35.6707609377967,0.012359233643445704,29.932675924830967,0.0,0.26608304668631816,90.26131201850043,324.0657030741374,90.64637862311469,90.26131201850043
2022-01-25 03:00:00+01:00,1951.2574018351238,1978.3558149210612,0.5306469798088074,0.5311359763145447,32.816500922309025,35.65108924547831,0.01174873362812731,30.067942459848194,0.0,0.26592024663256275,90.25282427046034,324.03969565497505,90.63654942406548,90.25282427046034
2022-01-25 04:00:00+01:00,1951.2444571940105,1978.2417746649849,0.5306469798088074,0.5311369257834223,32.72971144146389,35.53580973201328,0.011518100289007028,29.940822705692714,0.0,0.26572352990094156,90.24915397220188,324.12243893093535,90.62949466705322,90.24915397220188
2022-01-25 05:00:00+01:00,1951.9592326863606,1978.7931768798828,0.5306085276603699,0.5311359763145447,32.55037020577325,35.57054723209805,0.011752125294879078,29.80208987818824,0.0,0.2655268131693204,90.26813260396321,324.08853572421606,90.65120166566636,90.26813260396321
2022-01-25 06:00:00+01:00,1951.7299287584092,1979.037132297092,0.5305441085166401,0.5311359763145447,32.68519224696689,35.7136044883728,0.011735166961120234,29.918342761463588,0.0,0.26562177986320523,90.35410318162707,324.7215029144287,90.74001051372952,90.35410318162707
2022-01-25 07:00:00+01:00,1953.02687628852,1980.2241892496745,0.5304030179977417,0.5311416731278101,32.688682289123534,35.467321707407635,0.011114491945546534,29.92381689813402,0.0,0.26527582975311415,90.5546427875095,326.0459651523166,90.94072382820977,90.5546427875095
2022-01-25 08:00:00+01:00,1952.2915882025825,1980.4805990600587,0.5304030179977417,0.5311359763145447,32.62897201114231,35.41283791965908,0.011280683616383208,29.864177753660414,0.0,0.2653300964376993,90.54471675025093,325.8869903140598,90.9326451365153,90.54471675025093
2022-01-25 09:00:00+01:00,1951.257401123047,1978.5353021240235,0.5304030179977417,0.5311411983933714,32.591992689768475,35.726855741076996,0.01056165026500821,29.844438211123148,0.0,0.26564891320549777,90.34350488874648,324.61922319200306,90.72147768656413,90.34350488874648
2022-01-25 10:00:00+01:00,1951.717229715983,1979.904042731391,0.5304030179977417,0.5311521172854635,32.51664685355293,35.550132750405204,0.009601808574257626,29.778070069948832,0.0,0.2651469463772244,90.38063314649794,324.927811126709,90.75788411882189,90.38063314649794
2022-01-25 11:00:00+01:00,1951.410026550293,1979.1042878892686,0.5304030179977417,0.5311359763145447,32.723481036292185,35.5401137415568,0.009540758572725787,29.967891613112556,0.0,0.265411496464577,90.34709306504992,324.8289509158664,90.73252092149522,90.34709306504992
2022-01-25 12:00:00+01:00,1951.116984422472,1978.200747680664,0.5304030179977417,0.5311359763145447,32.597887404759724,35.50378891309102,0.00876067521981895,29.806356603834363,0.0,0.2649977129946152,90.26344640519883,324.31201918707956,90.63846903906928,90.26344640519883
2022-01-25 13:00:00+01:00,1951.8031879340278,1979.0151548597548,0.5304030179977417,0.5311359763145447,32.72005531205071,35.45573241551717,0.009147325229520598,29.954297828144497,0.0,0.2648756129542987,90.33559896257188,324.7730281829834,90.72003282758925,90.33559896257188
2022-01-25 14:00:00+01:00,1951.8212594265408,1979.493788248698,0.5304030179977417,0.5311435720655653,32.5461001417372,35.608957868152196,0.008875991889379091,29.792589818636575,0.0,0.2653843631222844,90.34094413333469,324.69431478712295,90.72024995379978,90.34094413333469
2022-01-25 15:00:00+01:00,1951.8117365180121,1979.237132059733,0.5304030179977417,0.5311359763145447,32.474885348214045,35.564950937694974,0.009778175245349605,29.73983235359192,0.0,0.2653097464309798,90.28310020022923,324.19793707953556,90.66101037131415,90.28310020022923
2022-01-25 16:00:00+01:00,1951.5409177313911,1978.9628971015081,0.5304030179977417,0.5311359763145447,32.46291947682698,35.580952858395044,0.010910991940440403,29.71166451878018,0.0,0.2656149965317713,90.23837457021078,323.7866638437907,90.61929937150744,90.23837457021078
2022-01-25 17:00:00+01:00,1951.537742038303,1978.767536315918,0.5304030179977417,0.5311374005178611,32.50163193066915,35.46121328671773,0.011660550292581319,29.759609185854593,0.0,0.2658998966258433,90.29759796142578,324.2059957377116,90.68354502571954,90.29759796142578
2022-01-25 18:00:00+01:00,1950.7528835381402,1978.612957526313,0.5304030179977417,0.5311359763145447,32.51506652937995,35.46521887355381,0.011840308630425069,29.76136275291443,0.0,0.2657913632608122,90.2723425886366,324.0221133677165,90.65430157131618,90.2723425886366
2022-01-25 19:00:00+01:00,1951.8141771782769,1979.4737623765734,0.5304030179977417,0.5311359763145447,32.71475078370836,35.47680822160509,0.011497750288496415,29.92943361123403,0.0,0.2658524132768313,90.27969490475125,324.13538132561575,90.6609222094218,90.27969490475125
2022-01-25 20:00:00+01:00,1951.2034327867295,1978.601968688965,0.5304030179977417,0.5311378752522998,32.6750682788425,35.39109738455878,0.011104316945291228,29.885531801117793,0.0,0.26563534653849075,90.26439937591553,324.04787702772353,90.65012986077203,90.26439937591553
2022-01-25 21:00:00+01:00,1952.051295674642,1979.2193066067166,0.5304030179977417,0.5311359763145447,32.58471423043145,35.47085245450338,0.011324775284156203,29.839818790223863,0.0,0.265838846605685,90.27453125,324.0326141442193,90.6548443222046,90.27453125
2022-01-25 22:00:00+01:00,1953.0928097873264,1979.893542819553,0.5304030179977417,0.5311359763145447,32.7486743068695,35.61476784494188,0.01236601697694924,30.00406712743971,0.0,0.2656692632163564,90.49680650922987,325.5219915856255,90.88680289586385,90.49680650922987
2022-01-25 23:00:00+01:00,1952.9250438096788,1980.8017223442926,0.5304030179977417,0.5311359763145447,32.65737381829156,35.53537895944383,0.012111641970566578,29.915782036251493,0.0,0.2657099632297953,90.45430247412787,325.1726224856906,90.84026850382487,90.45430247412787
2022-01-26 00:00:00+01:00,1952.4427495320638,1980.0268759155274,0.5299149751663208,0.5316240191459656,32.574393384721546,35.69184352133009,0.012423675311729311,29.82193449444241,0.0,0.26551324649817415,90.324161245558,324.3336720530192,90.70528576956855,90.324161245558
2022-01-26 01:00:00+01:00,1952.8950081041123,1980.548730638292,0.5299149751663208,0.5316240191459656,32.70662780655755,35.75569171481662,0.012528816981034146,29.92322001563178,0.0,0.2656692632163564,90.27072717030843,324.0525166829427,90.65289084116618,90.27072717030843
2022-01-26 02:00:00+01:00,1951.6974509684244,1979.064239400228,0.5299149751663208,0.5316240191459656,32.629443426132205,35.829460583792795,0.011585933624042404,29.858995255364313,0.0,0.26553359650489355,90.20679899003771,323.639126663208,90.59405827628241,90.20679899003771
2022-01-26 03:00:00+01:00,1952.110881822374,1979.050808139377,0.5299149751663208,0.5316240191459656,32.845693025588986,35.86053511619568,0.011531666956014104,30.094126143455505,0.0,0.265553946511613,90.28005908966064,324.27811599731444,90.65769323349,90.28005908966064
2022-01-26 04:00:00+01:00,1952.1155209011501,1979.6312708875869,0.5299149751663208,0.5316240191459656,32.91067751990424,35.79940015792847,0.011799608629403843,30.11629410478804,0.0,0.2656692632163564,90.26905655331082,324.26232459174264,90.65408447477553,90.26905655331082
2022-01-26 05:00:00+01:00,1952.5638712904188,1980.2092929077148,0.5299149751663208,0.5316240191459656,32.59857597774929,35.64725664668613,0.010605741932781207,29.852751203642953,0.0,0.2652283464041021,90.31791251712376,324.535096121894,90.70158880021837,90.31791251712376
2022-01-26 06:00:00+01:00,1954.9013570827908,1982.5172273423937,0.5299149751663208,0.5316240191459656,32.78869262271457,35.763757140901355,0.010253008590597246,30.030969835387335,0.0,0.2651605130483707,90.63499657948812,326.6277714623345,91.02476752811008,90.63499657948812
2022-01-26 07:00:00+01:00,1954.8175957573785,1981.7736385091146,0.5299149751663208,0.5316240191459656,32.791199061075844,35.7706252500746,0.009554325239732861,30.049054204622905,0.0,0.26533009643356004,90.76716566297743,327.4421797180176,91.1596544986301,90.76716566297743
2022-01-26 08:00:00+01:00,1953.4053870985242,1980.5118568250869,0.5299149751663208,0.5316240191459656,32.781861800087825,35.6073773490058,0.01026996692435609,30.003541520966422,0.0,0.265458979813589,90.53381519317627,325.93676601833766,90.9189346631368,90.53381519317627
2022-01-26 09:00:00+01:00,1952.8280973307292,1979.95947587755,0.5299149751663208,0.5317851006156868,32.92145959112379,35.78812966240777,0.00950345023845633,30.145187724961175,0.0,0.2654657631450229,90.361214044359,324.8140545739068,90.74502293692694,90.361214044359
2022-01-26 10:00:00+01:00,1951.7460456678602,1978.7799895222981,0.5299149751663208,0.5318679809570312,33.07383726967706,35.86767455630832,0.009747650244583687,30.331312407387628,0.0,0.2654793298203084,90.3183716668023,324.6066055467394,90.6956125471327,90.3183716668023
2022-01-26 11:00:00+01:00,1951.4070962863498,1978.5050213623047,0.5299149751663208,0.5318679809570312,33.0682952425215,35.80607841279772,0.00950345023845633,30.322982461187575,0.0,0.2656149965317713,90.34705648634169,324.7928907352024,90.73036400689018,90.34705648634169
2022-01-26 12:00:00+01:00,1949.9572796291775,1977.76753712972,0.5299149751663208,0.5318679809570312,32.92394910812378,35.78937444792854,0.009272816899336046,30.164727136294047,0.0,0.2649705796523227,90.24724032084147,324.1775878991021,90.63384991539849,90.24724032084147
2022-01-26 13:00:00+01:00,1950.9526391262477,1977.6608228556315,0.5299149751663208,0.5318679809570312,32.72417626698812,35.71066385798984,0.009391525235647957,30.015049370129905,0.0,0.26522156306852895,90.22764431847466,324.05508037990995,90.60760459052192,90.22764431847466
2022-01-26 14:00:00+01:00,1950.928463643392,1978.6786468166774,0.5299149751663208,0.5318679809570312,32.68470059076945,35.63948629167345,0.008753891886315411,29.91902777671814,0.0,0.2651605130483707,90.28144159528944,324.2832443830702,90.66106455485026,90.28144159528944
2022-01-26 15:00:00+01:00,1950.3785242716472,1978.5340804375542,0.5299149751663208,0.5318679809570312,32.64956619050768,35.549600232442224,0.00887938355613086,29.894926648139954,0.0,0.26562856320291756,90.20088229285346,323.69089706420897,90.5864404296875,90.20088229285346
2022-01-26 16:00:00+01:00,1950.5035556030273,1978.2327379692924,0.5299149751663208,0.5318679809570312,32.6843137550354,35.535036404927574,0.008689450218031804,29.91114555040995,0.0,0.26579136325253383,90.1387139638265,323.23660380893284,90.52747293896145,90.1387139638265
2022-01-26 17:00:00+01:00,1950.8976948377822,1978.272542215983,0.5299149751663208,0.5318679809570312,32.55877480189005,35.543128946092395,0.01015465025479595,29.822826537556118,0.0,0.2655742965183324,90.14148239559597,323.24808066474066,90.52802935706245,90.14148239559597
2022-01-26 18:00:00+01:00,1950.1521516588,1977.8962299601237,0.5299149751663208,0.5318679809570312,33.017135321299236,36.224892115063135,0.010151258588044179,30.240066276126438,0.0,0.26490952963216435,90.11047959221735,323.2444587453206,90.49839941448636,90.11047959221735
2022-01-26 19:00:00+01:00,1949.5895139567058,1978.235424194336,0.5299149751663208,0.5318679809570312,33.14321722666423,36.1111930486891,0.010500600263476371,30.340944757461546,0.0,0.26476707958512835,90.15487890455458,323.5514995659722,90.54566570705838,90.15487890455458
2022-01-26 20:00:00+01:00,1950.0862166002062,1978.0664375813801,0.5299149751663208,0.5318679809570312,33.07019798702664,35.976224983003405,0.013305508667189214,30.265012055502996,0.0,0.2648281296052867,90.14643586052789,323.4878042602539,90.5352059088813,90.14643586052789
2022-01-26 21:00:00+01:00,1951.1724198404947,1977.5804801771376,0.5299149751663208,0.5318679809570312,32.96608048121134,36.00882575776842,0.013994017017798292,30.168644529978433,0.0,0.2646924628938238,90.11533095889621,323.3117361195882,90.5068857023451,90.11533095889621
2022-01-26 22:00:00+01:00,1951.6168639797634,1979.1965951199002,0.5299149751663208,0.5318679809570312,32.952150904337564,36.02714408980476,0.013342817001458672,30.165592035187615,0.0,0.2646381962092386,90.24705775790744,324.2153977033827,90.63102759891086,90.24705775790744
2022-01-26 23:00:00+01:00,1950.3826771714953,1977.8136908637152,0.5299149751663208,0.5318679809570312,32.739048654768204,35.88551475630866,0.012976516992267635,29.945611817042032,0.0,0.26457714618908035,90.14147174835205,323.4409987131755,90.52509228600395,90.14147174835205
2022-01-27 00:00:00+01:00,1950.0679013061524,1977.1191867404514,0.5301589965820312,0.5318679809570312,32.8097990544637,35.98124461279975,0.013044350327303013,30.004290985531277,0.0,0.26417014605469175,90.06234365251329,322.9562610456679,90.44819730122884,90.06234365251329
2022-01-27 01:00:00+01:00,1951.968025071886,1979.626631028917,0.5301589965820312,0.5318679809570312,32.87202941894531,36.03997481134203,0.011799608629403843,30.08774297396342,0.0,0.2642244127392769,90.2566132651435,324.28381456163197,90.63813652038574,90.2566132651435
2022-01-27 02:00:00+01:00,1951.4578900146485,1978.278158094618,0.5301589965820312,0.5318679809570312,32.821805550257366,35.824603644476994,0.011490966954992876,30.052998768488568,0.0,0.26406161268966066,90.21364632924397,324.04803909301756,90.59850109736125,90.21364632924397
2022-01-27 03:00:00+01:00,1953.345313958062,1981.187069905599,0.5301589965820312,0.5318679809570312,32.83954399638706,35.85099433898926,0.011718208627361391,30.076299568812054,0.0,0.26393272930963174,90.4198767428928,325.50094954596625,90.80442493862576,90.4198767428928
2022-01-27 04:00:00+01:00,1952.3560581122504,1979.3587443372937,0.5301589965820312,0.5318679809570312,32.699386461046004,35.58528058369954,0.010768541936866112,29.89887452337477,0.0,0.2641090960345335,90.25190861596002,324.31515329996745,90.63682732688056,90.25190861596002
2022-01-27 05:00:00+01:00,1950.775350443522,1979.1675349595812,0.5301589965820312,0.5318679809570312,32.59948831876119,35.66421839502123,0.011921708632467522,29.8323673693339,0.0,0.26445504614876375,90.11757684495714,323.3583373599582,90.50922569062975,90.11757684495714
2022-01-27 06:00:00+01:00,1950.438109096951,1977.6867069159614,0.5301589965820312,0.5318679809570312,32.64261344909668,35.732034802966645,0.013692158676890864,29.865174940956962,0.0,0.26459749619579975,90.11878977033827,323.3306200832791,90.50860163582696,90.11878977033827
2022-01-27 07:00:00+01:00,1949.9692441474067,1977.8144232177735,0.5301589965820312,0.5318679809570312,32.67668608135647,35.8638046169281,0.013603975341344873,29.872402601242065,0.0,0.2645432295112146,90.09231296115452,323.0477960289849,90.48626427544488,90.09231296115452
2022-01-27 08:00:00+01:00,1950.318451368544,1977.1880505371093,0.5301589965820312,0.5318679809570312,32.77800881385803,35.65113669289483,0.012532208647785915,29.961501729753284,0.0,0.2644957461622026,90.09785990397135,323.05308752271867,90.49134498384264,90.09785990397135
2022-01-27 09:00:00+01:00,1949.9797454833983,1977.1353035142686,0.5301589965820312,0.5318679809570312,32.846778433058,35.789771236843535,0.01068375026807189,30.060206066767375,0.0,0.26392594597405855,90.08741015964084,324.01303791469996,90.475078347524,90.08741015964084
2022-01-27 10:00:00+01:00,1955.0810881551106,1981.562649230957,0.5301589965820312,0.5318679809570312,32.69832154591878,35.67310796843635,0.011819958629914456,29.946215591430665,0.0,0.26419049606141115,90.41780494689941,326.058458480835,90.7931776491801,90.41780494689941
2022-01-27 11:00:00+01:00,1952.3968389553495,1979.2048992241753,0.5301589965820312,0.5318679809570312,32.78570112652249,35.73464638604058,0.010402241927675075,30.017230218781364,0.0,0.26387846262504655,90.29018600463867,325.0707497575548,90.67425112194485,90.29018600463867
2022-01-27 12:00:00+01:00,1951.4212590196398,1978.6713211737738,0.5301589965820312,0.5318679809570312,32.74985119819641,35.66034509023031,0.009235508565066589,29.960864069196912,0.0,0.2632747457590368,90.21603445688883,324.2501156785753,90.60234773423937,90.21603445688883
2022-01-27 13:00:00+01:00,1950.493542412652,1977.586096496582,0.5301589965820312,0.5318679809570312,32.450261712604096,35.399942802853055,0.009255858565577202,29.709531213442485,0.0,0.2637902792625957,90.15498929341634,323.36204104953345,90.54510904735989,90.15498929341634
2022-01-27 14:00:00+01:00,1950.2039227634007,1977.8996486409505,0.5301589965820312,0.5318679809570312,32.51631454043918,35.46838667233785,0.009310125233605504,29.771917549769082,0.0,0.26371566257129114,90.20114044189454,323.64376676771377,90.5865962240431,90.20114044189454
2022-01-27 15:00:00+01:00,1949.1604548136393,1976.8092971462675,0.5301589965820312,0.5318679809570312,32.610321292877195,35.54476707458496,0.008791200220584869,29.856478662490844,0.0,0.26357321252425514,90.13090094672309,323.2868276892768,90.52155057483249,90.13090094672309
2022-01-27 16:00:00+01:00,1949.7514186943902,1977.4893931410047,0.5301589965820312,0.5318679809570312,32.79196554501851,35.672534729639686,0.009778175245349605,29.991317872471278,0.0,0.2637427959135837,90.04389261457655,322.81145099216036,90.42520829518637,90.04389261457655
2022-01-27 17:00:00+01:00,1949.6615539889865,1977.4608227199979,0.5301589965820312,0.5318679809570312,32.68537550608317,35.88595904456245,0.00991723358217213,29.904772655169168,0.0,0.2635867791954014,90.05946004231771,322.872053527832,90.44260698742336,90.05946004231771
2022-01-27 18:00:00+01:00,1949.5958629692925,1977.315767449273,0.5301589965820312,0.5318679809570312,32.72246676550971,35.81916351106432,0.009808700246115526,29.94678873591953,0.0,0.26366817922227914,90.06656667497423,322.9819030931261,90.45776755226983,90.06656667497423
2022-01-27 19:00:00+01:00,1949.1186971706813,1977.072056037055,0.5301589965820312,0.5318679809570312,32.83173294173346,35.74576090918647,0.009635725241775315,30.047402534484863,0.0,0.2637495792491569,90.07253338707818,322.9775074089898,90.45792389763726,90.07253338707818
2022-01-27 20:00:00+01:00,1949.4639954630534,1977.1387223307293,0.5301589965820312,0.5318679809570312,32.73187528186374,35.75924281968011,0.009194808564045363,29.915110456148785,0.0,0.263851329282754,90.02847674475775,322.78983879937067,90.41416584862603,90.02847674475775
2022-01-27 21:00:00+01:00,1950.006363728841,1977.3020905219184,0.5301589965820312,0.5318679809570312,32.605735766092934,35.63995098325941,0.008954000224669774,29.826506525675455,0.0,0.26378349592702255,90.02806715223524,322.6858908759223,90.40909187740749,90.02806715223524
2022-01-27 22:00:00+01:00,1950.8351782226562,1977.7873163180882,0.5301589965820312,0.5318679809570312,32.675207194222345,35.803432893753055,0.008933650224159161,29.903436302079093,0.0,0.26359356253097455,90.18543860965305,323.6872342936198,90.5713342836168,90.18543860965305
2022-01-27 23:00:00+01:00,1950.015643073188,1978.2793797132704,0.5301589965820312,0.5318679809570312,32.53973719596863,35.678229378594295,0.008981133558683926,29.76883116616143,0.0,0.2638920292961929,90.14462190416124,323.34922003851995,90.52620509677463,90.14462190416124
2022-01-28 00:00:00+01:00,1949.18414255778,1977.257158847385,0.5299149751663208,0.5311587635676066,32.65744864145915,35.77693032052782,0.008475775212670365,29.883754466904534,0.0,0.263803845933742,90.11943345387776,323.201886461046,90.5107179345025,90.11943345387776
2022-01-28 01:00:00+01:00,1949.4146668836806,1976.9074642944336,0.5299149751663208,0.5311407236589326,32.87153763877021,35.983557806015014,0.007844925196841358,30.11042990843455,0.0,0.2643465127795935,90.09278590732151,323.1181255001492,90.48135346306695,90.09278590732151
2022-01-28 02:00:00+01:00,1948.6354253811307,1976.6840216064454,0.5299149751663208,0.5311359763145447,32.80822185516357,35.89950538741218,0.008499516879932749,30.056661763721042,0.0,0.26392594597405855,90.08757571750218,323.1006655714247,90.47797529856363,90.08757571750218
2022-01-28 03:00:00+01:00,1948.70551038954,1977.233227674696,0.5299149751663208,0.5311359763145447,32.89145692083571,35.746188254886206,0.008719975218797723,30.121551185713873,0.0,0.2640073460009363,90.10651287926568,323.2850771416558,90.49724001142714,90.10651287926568
2022-01-28 04:00:00+01:00,1949.143362426758,1976.569003329807,0.5299149751663208,0.5311426225966878,32.69235215081109,35.67721863852607,0.008811550221095482,29.898627025816175,0.0,0.26373601257801055,90.0427574327257,322.8866236368815,90.4288718032837,90.0427574327257
2022-01-28 05:00:00+01:00,1949.4461690945095,1977.294766201443,0.5299149751663208,0.5311411983933714,32.63484994252523,35.7204115401374,0.008068775202458104,29.869455318450928,0.0,0.2634375458127923,89.98659883287218,322.4834898715549,90.37039330800374,89.98659883287218
2022-01-28 06:00:00+01:00,1949.6432389322918,1977.1900031195746,0.5299149751663208,0.5311440468000042,32.62528864224752,35.65626830630832,0.007922933532132043,29.87109674241808,0.0,0.2638377626116077,90.13074731614854,323.35845893859863,90.51716926362779,90.13074731614854
2022-01-28 07:00:00+01:00,1949.672297261556,1977.1240700276692,0.5299149751663208,0.5311677835219436,32.72309419420031,35.68027792506748,0.007353133517834875,29.97080514325036,0.0,0.2644279128064712,90.1382445526123,323.3191428205702,90.52558713065254,90.1382445526123
2022-01-28 08:00:00+01:00,1950.087926703559,1977.6825557454426,0.5299149751663208,0.5311426225966878,32.85194394747416,35.71431335343255,0.007671950192501147,30.06741337140401,0.0,0.2641565793835455,90.03795330895318,323.0596394687229,90.42145049624973,90.03795330895318
2022-01-28 09:00:00+01:00,1950.0324931844075,1977.6102718098957,0.5299149751663208,0.5311440468000042,32.812932875951134,35.71981123394436,0.008604658549237582,30.02751037226783,0.0,0.26433972944402034,90.03882209777832,323.26692471822105,90.43098761452569,90.03882209777832
2022-01-28 10:00:00+01:00,1950.1514186943903,1977.2730328708226,0.5299149751663208,0.5311369257834223,32.76123704168532,35.82480036099752,0.008957391891421543,29.995282843377854,0.0,0.2644957461622026,90.0704948594835,322.85048260158965,90.4597894499037,90.0704948594835
2022-01-28 11:00:00+01:00,1949.5501984320747,1977.0505656941732,0.5299149751663208,0.5311359763145447,32.73257059839037,35.71820695771111,0.00831636687533723,29.96148472732968,0.0,0.26462462953809235,90.05861763000489,323.3097817569309,90.4481494861179,90.05861763000489
2022-01-28 12:00:00+01:00,1950.7931757269964,1977.4957421875,0.5299149751663208,0.5311359763145447,32.65692295710246,35.757136572731866,0.008156958538004093,29.84031054549747,0.0,0.2637292292424374,90.0133476723565,323.46326113382975,90.39862548192342,90.0133476723565
2022-01-28 13:00:00+01:00,1951.1904891967774,1978.6139352416992,0.5299149751663208,0.5311392994556162,32.506390529208716,35.65493882815043,0.007889016864614355,29.72780546400282,0.0,0.263946295980778,90.09577244228787,323.0704259914822,90.48733580271403,90.09577244228787
2022-01-28 14:00:00+01:00,1951.157767706977,1977.3248022800021,0.5299149751663208,0.5311359763145447,32.5888011264801,35.58053231239319,0.007790658528813057,29.811868019104004,0.0,0.2645160961689221,90.1167873594496,323.10892768012155,90.5063905122545,90.1167873594496
2022-01-28 15:00:00+01:00,1950.1023337809245,1977.4491006130643,0.5299149751663208,0.5311359763145447,32.738553487989634,35.556207243601484,0.007553241856189238,29.956861934661866,0.0,0.26512659637050495,90.13517923143175,323.2404296112061,90.52591270658705,90.13517923143175
2022-01-28 16:00:00+01:00,1949.2937867906357,1977.3746195814344,0.5299149751663208,0.5311426225966878,32.91035872035556,35.5891166305542,0.0074311418531255585,30.089262500339085,0.0,0.2646653295515312,90.05672268337673,322.66611130608453,90.44551739798652,90.05672268337673
2022-01-28 17:00:00+01:00,1949.668634168837,1976.962654147678,0.5299149751663208,0.5311388247211775,32.82986070844862,35.582238323423596,0.007600725190714002,30.025997758441502,0.0,0.2650723296859198,90.01644680023193,322.3933394877116,90.40310860739814,90.01644680023193
2022-01-28 18:00:00+01:00,1950.5067297363282,1977.4383554416233,0.5299149751663208,0.5311359763145447,32.77817502233717,35.84304084248013,0.007950066866146193,29.984107218318517,0.0,0.2643193794373009,90.02161710951063,324.4837309095595,90.39999550925361,90.02161710951063
2022-01-28 19:00:00+01:00,1951.8183286200629,1978.2835329182942,0.5299149751663208,0.5311369257834223,33.072690902286105,35.953965476353964,0.007549850189437469,30.255145653618708,0.0,0.26440756279975175,90.10663299136692,324.17799436781144,90.49698150210911,90.10663299136692
2022-01-28 20:00:00+01:00,1951.647632683648,1978.5509305826822,0.5299149751663208,0.5311402489244937,32.88536204655965,35.75955487039354,0.008034858534940416,30.043244297769334,0.0,0.2640344793432289,90.0654030778673,323.7272408888075,90.45335208045111,90.0654030778673
2022-01-28 21:00:00+01:00,1951.8517825317383,1978.8168650309244,0.5299149751663208,0.5311464204721981,32.65355137930976,35.55415528827243,0.00852325854719513,29.860738610691495,0.0,0.2641972793969843,90.08601270463731,322.8745760599772,90.47343095991347,90.08601270463731
2022-01-28 22:00:00+01:00,1952.1326129828558,1978.7589892578126,0.5299149751663208,0.5311359763145447,32.85083824687534,35.64494354565938,0.008479166879422136,30.06382153722975,0.0,0.264421129470898,90.14882768419054,323.294967151218,90.53858392291599,90.14882768419054
2022-01-28 23:00:00+01:00,1951.6556921047634,1979.720892469618,0.5299149751663208,0.5311364510489834,32.74970531251695,35.53507030910916,0.008034858534940416,29.945954339769152,0.0,0.2644007794641786,90.08898054758707,322.59700206332735,90.47505882898966,90.08898054758707
2022-01-29 00:00:00+01:00,1951.2539811876086,1978.6320045640734,0.529670000076294,0.5318679809570312,32.70035302056207,35.4140182463328,0.008323150208840767,29.897144719229804,0.0,0.2646992462252577,90.12062697516548,323.04828421698676,90.50358955595229,90.12062697516548
2022-01-29 01:00:00+01:00,1950.918451639811,1978.650808444553,0.529670000076294,0.5318679809570312,32.687020462883844,35.79301372210185,0.009218550231307744,29.89509965631697,0.0,0.2647128129005432,90.12872048272027,323.06696588304305,90.52020117017958,90.12872048272027
2022-01-29 02:00:00+01:00,1951.2539805433485,1977.7931783718534,0.529670000076294,0.5318679809570312,32.671985152562456,35.723497992621525,0.00884546688861317,29.882448705037437,0.0,0.2645567961823609,90.10210579342312,322.95866321987575,90.49186787287394,90.10210579342312
2022-01-29 03:00:00+01:00,1950.2469003634983,1977.4642416381837,0.529670000076294,0.5318679809570312,32.73146824836731,35.611864513821075,0.009652683575534159,29.950160041915044,0.0,0.26388524596061974,90.03568966759576,322.615317501492,90.4201074303521,90.03568966759576
2022-01-29 04:00:00+01:00,1949.949953274197,1977.472542860243,0.529670000076294,0.5318679809570312,32.577269588046605,35.51091826544867,0.009896883581661516,29.761979975700378,0.0,0.2634307624772191,90.01288478851319,322.47962325202093,90.39788549847073,90.01288478851319
2022-01-29 05:00:00+01:00,1951.0190606689453,1978.4696123928493,0.529670000076294,0.5318679809570312,32.51017228656345,35.52510221693251,0.00929316689984666,29.726265664100648,0.0,0.26379706260230806,90.08527484893798,322.9784842003716,90.47220911449857,90.08527484893798
2022-01-29 06:00:00+01:00,1950.759476216634,1978.3560590955947,0.529670000076294,0.5318679809570312,32.63988976690504,35.64508597162035,0.009038791893463996,29.856410811212328,0.0,0.26380384592960276,90.09611923641629,323.0290742577447,90.48296761406793,90.09611923641629
2022-01-29 07:00:00+01:00,1950.2701005045574,1978.2036778767904,0.529670000076294,0.5318679809570312,32.75574251492818,35.72280271530151,0.01000202525096635,29.96443221304152,0.0,0.2641497960479723,90.06258180830214,322.84466215345594,90.4505097855462,90.06258180830214
2022-01-29 08:00:00+01:00,1949.6227272881401,1977.0849976942275,0.529670000076294,0.5318679809570312,32.82527183002896,35.76767786873712,0.01577464206247694,30.01349946392907,0.0,0.2644686128199101,90.02755166371664,322.6748616112603,90.41267958958943,90.02755166371664
2022-01-29 09:00:00+01:00,1949.7577686903212,1977.2542284817166,0.529670000076294,0.5318679809570312,32.8634010166592,35.59143991152445,0.014709658702421519,30.059721025890774,0.0,0.2643804294574592,89.9989934709337,322.5650931803385,90.38294250064426,89.9989934709337
2022-01-29 10:00:00+01:00,1949.942871975369,1977.089394124349,0.529670000076294,0.5318679809570312,32.866813057793514,35.6945060189565,0.012203216972864337,30.090147671699523,0.0,0.26440756279975175,90.07730529785157,323.2164160495334,90.46421911451552,90.07730529785157
2022-01-29 11:00:00+01:00,1949.313079969618,1976.7223606363932,0.529670000076294,0.5318679809570312,32.77443060980903,35.57282980177138,0.009252466898825433,29.99807754887475,0.0,0.2643058127661546,90.03822799682617,322.93420239766436,90.42157969792684,90.03822799682617
2022-01-29 12:00:00+01:00,1948.6031912909614,1976.3919588894314,0.529670000076294,0.5318679809570312,32.84523857328627,35.457913213306,0.00867249188427296,30.029155360857647,0.0,0.2638716792894734,89.9440390057034,322.3748207346598,90.32609191894531,89.9440390057034
2022-01-29 13:00:00+01:00,1949.655691494412,1977.0947661336263,0.529670000076294,0.5318679809570312,32.580128773583304,35.39176887512207,0.008584308548726969,29.815198714468213,0.0,0.2633154457724757,90.00226824442545,322.74877292209203,90.38648291905722,90.00226824442545
2022-01-29 14:00:00+01:00,1949.8930543348524,1977.6517861938476,0.529670000076294,0.5318679809570312,32.69535027927822,35.522799272537235,0.008713191885294186,29.925943480067783,0.0,0.26385811261832715,90.12255135854085,323.4759198506673,90.51313254462347,90.12255135854085
2022-01-29 15:00:00+01:00,1950.711857808431,1978.3890271674263,0.529670000076294,0.5318679809570312,32.75774020195007,35.6215070883433,0.0072174668477641216,30.002116991678875,0.0,0.26455001284678775,90.18539096832275,323.87502378675674,90.569305712382,90.18539096832275
2022-01-29 16:00:00+01:00,1951.1133214992947,1978.4637514919705,0.529670000076294,0.5318679809570312,32.902350991566976,35.63987976604038,0.007787266862061289,30.107641883426243,0.0,0.26443469614204435,90.21547836727567,324.11592678493923,90.59627675586276,90.21547836727567
2022-01-29 17:00:00+01:00,1951.7606981404622,1978.896961907281,0.529670000076294,0.5318679809570312,32.860538403193154,35.40139106856452,0.007800833529068364,30.074396800465053,0.0,0.26462462954223154,90.24633017222087,324.31124593098957,90.63240531073676,90.24633017222087
2022-01-29 18:00:00+01:00,1951.3900019666883,1979.222237040202,0.529670000076294,0.5318679809570312,32.9808715555403,35.71542582829793,0.007261558515537116,30.21772198624081,0.0,0.2646856795582506,90.24598603566487,324.4166587744819,90.62544478098552,90.24598603566487
2022-01-29 19:00:00+01:00,1950.1917115614149,1978.6998925442165,0.529670000076294,0.5318679809570312,33.080712172190346,35.67516665246752,0.007166591846487588,30.273074043062,0.0,0.2645160961689221,90.1934589682685,324.1226013607449,90.57893101798163,90.1934589682685
2022-01-29 20:00:00+01:00,1950.4847526041667,1978.650807800293,0.529670000076294,0.5318679809570312,32.76591423776415,35.64872863345676,0.00769569185976353,29.95262230767144,0.0,0.26409552936338715,90.15238781823052,323.8123864237468,90.54334574593437,90.15238781823052
2022-01-29 21:00:00+01:00,1951.2307825724283,1978.482065633138,0.529670000076294,0.5318679809570312,32.28238378418816,35.324074614842736,0.00846560021241506,29.533086236317953,0.0,0.26426511275271575,90.19472980075412,323.9699357350667,90.58256015989515,90.19472980075412
2022-01-29 22:00:00+01:00,1951.5389628431533,1979.145069647895,0.529670000076294,0.5318679809570312,32.4941330242157,35.52428822517395,0.008628400216499965,29.751435305807327,0.0,0.2636749625578523,90.25634491814507,324.29378565470375,90.64166373358833,90.25634491814507
2022-01-29 23:00:00+01:00,1951.2249218071831,1978.5091726345486,0.529670000076294,0.5318679809570312,32.557587710486516,35.50611900753445,0.008584308548726969,29.80795068581899,0.0,0.2638377626116077,90.27308772193061,324.2521095275879,90.66042007870145,90.27308772193061
2022-01-30 00:00:00+01:00,1951.0312711588542,1978.237866482205,0.5294259786605835,0.5311359763145447,32.70324966112773,35.512064632839625,0.007475233520898554,29.90165582233005,0.0,0.2642244127392769,90.18619945949979,323.67327412923174,90.5737488386366,90.18619945949979
2022-01-30 01:00:00+01:00,1950.2940325927734,1977.979990878635,0.5294259786605835,0.5311359763145447,32.694288929833306,35.68008120960659,0.007010575175906221,29.9163078127967,0.0,0.2633425791147682,90.17047093285454,323.5895541890462,90.5596461613973,90.17047093285454
2022-01-30 02:00:00+01:00,1950.168512064616,1978.1059979926215,0.5294259786605835,0.5311383499867386,32.62543437321981,35.54950865427653,0.006328850158800681,29.871191611289976,0.0,0.2638174126007491,90.19974640740288,323.8079093339708,90.58415431128608,90.19974640740288
2022-01-30 03:00:00+01:00,1949.9465346272787,1977.7773036024305,0.5294259786605835,0.5311392994556162,32.65750269148085,35.469902735816106,0.006759591836275326,29.895940738254122,0.0,0.2635325125108163,90.17456551869711,323.71507283528643,90.56379747178819,90.17456551869711
2022-01-30 04:00:00+01:00,1948.7658267550999,1976.7787712605793,0.5294259786605835,0.5311359763145447,32.72727614402771,35.304202753702796,0.005806533479028278,29.934147981537713,0.0,0.26359356253097455,90.07306620279948,323.0463720703125,90.4617698372735,90.07306620279948
2022-01-30 05:00:00+01:00,1949.6962293836805,1977.5396978081596,0.5294259786605835,0.5311449962688817,32.569889357884726,35.403046173519556,0.005667475142205755,29.790141044722663,0.0,0.2636478292155597,90.12762179480659,323.4293995073107,90.51830827501085,90.12762179480659
2022-01-30 06:00:00+01:00,1950.332858751085,1977.6256574503582,0.5294303209251827,0.5311374005178611,32.68688809818692,35.4654596540663,0.006552700164417426,29.911213359832765,0.0,0.26409552936338715,90.17959335751004,323.75662710401747,90.56718245188395,90.17959335751004
2022-01-30 07:00:00+01:00,1950.424189453125,1977.9887820773654,0.5294259786605835,0.5311378752522998,32.88591150071886,35.72049295425415,0.007207291847508814,30.098301350275676,0.0,0.2637902792625957,90.18516247219509,323.63338758680555,90.5730839114719,90.18516247219509
2022-01-30 08:00:00+01:00,1950.395620388455,1977.1587461005317,0.529444503635168,0.5311359763145447,32.94288484626346,35.710609610875444,0.006495041829637355,30.131746576097278,0.0,0.2630576790206962,90.15033120897081,323.4726230451796,90.54216516070896,90.15033120897081
2022-01-30 09:00:00+01:00,1948.339942220052,1976.1973302544488,0.5294283536573251,0.5311411983933714,33.06132194413079,35.73984585338169,0.0062813668242759175,30.257207814852396,0.0,0.26245396215468647,90.09899771796333,323.2637098609077,90.49150742636786,90.09899771796333
2022-01-30 10:00:00+01:00,1948.4569140964084,1975.5113733588325,0.5294259786605835,0.5311359763145447,32.814330289098955,35.65055670208401,0.006922391840360231,30.044733397695754,0.0,0.26206052869144414,90.07068973117404,323.00563095092775,90.46018916447957,90.07068973117404
2022-01-30 11:00:00+01:00,1947.9799916246202,1975.8735216606988,0.5294259786605835,0.5311378752522998,32.61695547527737,35.29660874472724,0.006352591826063064,29.844970766703288,0.0,0.26112442838235034,90.09579419030084,323.19142670525446,90.48540898429023,90.09579419030084
2022-01-30 12:00:00+01:00,1948.358257276747,1975.7773071289062,0.5294259786605835,0.5311359763145447,32.66072809113397,35.26609393861559,0.006420425161098441,29.860575757556493,0.0,0.26076491159697374,90.08999457889134,323.299933013916,90.47739141252306,90.08999457889134
2022-01-30 13:00:00+01:00,1948.6664385986328,1976.326269293891,0.5294288286566734,0.5311492688788308,32.58181433253818,35.280318590799965,0.005870975147311886,29.819434854189556,0.0,0.2608327449527052,90.12698431650797,323.4744544474284,90.51513356102838,90.12698431650797
2022-01-30 14:00:00+01:00,1948.7458036295573,1976.924802992079,0.5294259786605835,0.5311359763145447,32.42550593800015,35.091863798565335,0.005301175133014719,29.670967836380004,0.0,0.260920928315156,90.21947593688965,323.97648846944173,90.6084518178304,90.21947593688965
2022-01-30 15:00:00+01:00,1948.594886847602,1975.7944019232855,0.5297092210418648,0.5311359763145447,32.38406641536289,35.20910038524204,0.005582683473411534,29.627130607499016,0.0,0.2617620619262258,90.288828125,324.48959332784017,90.66743323432074,90.288828125
2022-01-30 16:00:00+01:00,1948.5860953097874,1976.4342050170899,0.5295887011786302,0.5311364510489834,32.640147605472144,35.503785558276704,0.005358833467794789,29.847531446880765,0.0,0.26176884525765975,90.28922120836046,324.4742908732096,90.66826791763306,90.28922120836046
2022-01-30 17:00:00+01:00,1948.201236843533,1976.249590555827,0.5294259786605835,0.5311416731278101,32.52118157174852,35.30928345786201,0.005196033463709884,29.735474016401504,0.0,0.2616196118791898,90.3380888027615,324.7565057373047,90.72627995385064,90.3380888027615
2022-01-30 18:00:00+01:00,1949.037866719564,1976.30624420166,0.5294110985100269,0.531142147862249,32.567935597101844,35.49384119139777,0.005287608466007643,29.789615230030485,0.0,0.26121939508037434,90.28188606686062,324.3342824130588,90.66204049428303,90.28188606686062
2022-01-30 19:00:00+01:00,1948.4195514594185,1976.1282225884331,0.5302491219507324,0.5311416731278101,32.642711588541665,35.44502480506897,0.0059422001490990325,29.846571583747863,0.0,0.26094127832187547,90.22352115207248,323.87762841118706,90.60771246804131,90.22352115207248
2022-01-30 20:00:00+01:00,1947.9936661105685,1975.5597243923612,0.5304851010110643,0.5311374005178611,32.430942641364204,35.120842170715335,0.005246908464986417,29.638696137534247,0.0,0.26064281155665714,90.1565067884657,323.4555696699354,90.54154170566134,90.1565067884657
2022-01-30 21:00:00+01:00,1949.6769374593098,1976.6425076972114,0.5298836531241735,0.5311359763145447,32.41050117916531,35.30133342954848,0.0054911084711137745,29.64675813039144,0.0,0.26036469479815827,90.21208765241835,323.8571568552653,90.59914528740777,90.21208765241835
2022-01-30 22:00:00+01:00,1949.352152065701,1976.2390887790257,0.5297293290661441,0.5311440468000042,32.54025957743327,35.45411117977566,0.00603716681814856,29.773325125376385,0.0,0.26037826146930454,90.30516865200467,324.44551583184136,90.68786491394043,90.30516865200467
2022-01-30 23:00:00+01:00,1948.6918352254231,1976.4366473727755,0.5294259786605835,0.5311540162232187,32.52931473626031,35.48386970414056,0.005840450146545967,29.734911022186278,0.0,0.2610430283554726,90.18426029205322,323.443603515625,90.56584619734022,90.18426029205322
